{
  "config": {
    "n_images": 200,
    "n_bins": 32,
    "fgsm_eps": 0.01568627450980392,
    "pgd_steps": 10
  },
  "results": [
    {
      "model": "VGG16",
      "clean_acc": 8.5,
      "fgsm_acc": 0.0,
      "pgd_acc": 0.0,
      "pri": 0.9407755551555036,
      "vci": 0.07231384945540698,
      "pgs": 0.2793751566456685,
      "s_model_pdf": [
        0.3173427879810333,
        0.08637303113937378,
        0.05255149304866791,
        0.039442334324121475,
        0.03261115774512291,
        0.028113221749663353,
        0.025273891165852547,
        0.022792581468820572,
        0.021108679473400116,
        0.02005070447921753,
        0.019175879657268524,
        0.01846197433769703,
        0.017931358888745308,
        0.017424223944544792,
        0.01709439791738987,
        0.016744107007980347,
        0.016433849930763245,
        0.016148801892995834,
        0.015994461253285408,
        0.015856510028243065,
        0.015764079988002777,
        0.015721548348665237,
        0.015292099677026272,
        0.015115108340978622,
        0.015079416334629059,
        0.01508964691311121,
        0.015039695426821709,
        0.015057044103741646,
        0.015043821185827255,
        0.015019886195659637,
        0.01534853782504797,
        0.015503729693591595
      ],
      "gap": [
        0.0,
        0.0,
        0.0,
        0.0,
        0.0,
        0.0,
        0.0034177582310184577,
        0.00826753684730732,
        0.011942488117129425,
        0.014644908121912874,
        0.016847192329760403,
        0.018599809328175017,
        0.01990713885708202,
        0.020954198749529,
        0.021610811222843605,
        0.02209685356504925,
        0.02237241338050691,
        0.022471428319434147,
        0.022306092765586316,
        0.02200705723389952,
        0.021560226400260604,
        0.02097502996965306,
        0.020700928398175528,
        0.020110098085597064,
        0.01932422040694836,
        0.018448233539435442,
        0.017596905239005124,
        0.016650579483148645,
        0.015714176335720777,
        0.014774163096382343,
        0.01347290014330154,
        0.012341476170532426
      ],
      "time": 17.03398847579956
    },
    {
      "model": "ResNet18",
      "clean_acc": 8.5,
      "fgsm_acc": 0.0,
      "pgd_acc": 0.0,
      "pri": 0.9417661419219118,
      "vci": 0.08688254890819214,
      "pgs": 0.26884569886912557,
      "s_model_pdf": [
        0.29563745856285095,
        0.07548616826534271,
        0.04766463115811348,
        0.039162810891866684,
        0.03439299762248993,
        0.030037060379981995,
        0.027222881093621254,
        0.023648906499147415,
        0.021084802225232124,
        0.019550509750843048,
        0.018947726115584373,
        0.01763775199651718,
        0.01681496575474739,
        0.016379961743950844,
        0.01609840802848339,
        0.015941526740789413,
        0.01574537344276905,
        0.01565101556479931,
        0.015608739107847214,
        0.015585551038384438,
        0.01556997001171112,
        0.015593132004141808,
        0.015336121432483196,
        0.015348628163337708,
        0.015500242821872234,
        0.01558771077543497,
        0.015593373216688633,
        0.015401742421090603,
        0.01507315132766962,
        0.014668948017060757,
        0.01501671876758337,
        0.05301095172762871
      ],
      "gap": [
        0.0,
        0.0,
        0.0,
        0.0,
        0.0,
        0.0,
        0.0014687683032497505,
        0.007411211816980477,
        0.011966365365297417,
        0.015145102850287355,
        0.017075345871444554,
        0.019424031669354865,
        0.02102353199107994,
        0.02199846095012295,
        0.022606801111750084,
        0.022899433832240183,
        0.023060889868501105,
        0.022969214647630673,
        0.02269181491102451,
        0.02227801622375815,
        0.02175433637655226,
        0.02110344631417649,
        0.020656906642718603,
        0.01987657826323798,
        0.018903393919705185,
        0.01795016967711168,
        0.0170432274491382,
        0.016305881165799688,
        0.015684846193878412,
        0.015125101274981224,
        0.01380471920076614,
        0.0
      ],
      "time": 4.46172308921814
    },
    {
      "model": "ResNet50",
      "clean_acc": 9.0,
      "fgsm_acc": 6.5,
      "pgd_acc": 0.0,
      "pri": 0.9388045679196655,
      "vci": 0.08557478814740027,
      "pgs": 0.28235683432230363,
      "s_model_pdf": [
        0.32768338918685913,
        0.08615659922361374,
        0.04927331209182739,
        0.03782384842634201,
        0.032317664474248886,
        0.02836700901389122,
        0.026626816019415855,
        0.022840457037091255,
        0.020156068727374077,
        0.018927764147520065,
        0.018708501011133194,
        0.017037492245435715,
        0.01605338789522648,
        0.015636704862117767,
        0.015235726721584797,
        0.01495052408427,
        0.01480256486684084,
        0.014643505215644836,
        0.01453625038266182,
        0.014536675065755844,
        0.01447560265660286,
        0.01450306922197342,
        0.01439573708921671,
        0.014462631195783615,
        0.01451142132282257,
        0.014538814313709736,
        0.014481021091341972,
        0.014300252310931683,
        0.014181744307279587,
        0.01410348154604435,
        0.013864332810044289,
        0.03586755692958832
      ],
      "gap": [
        0.0,
        0.0,
        0.0,
        0.0,
        0.0,
        0.0,
        0.002064833377455149,
        0.008219661279036637,
        0.012895098863155464,
        0.015767848453610338,
        0.017314570975895734,
        0.02002429142043633,
        0.02178510985060085,
        0.022741717831956026,
        0.023469482418648678,
        0.023890436488759596,
        0.024003698444429317,
        0.023976724996785145,
        0.023764303636209905,
        0.023326892196386742,
        0.022848703731660522,
        0.022193509096344877,
        0.02159729098598509,
        0.02076257523079207,
        0.019892215418754848,
        0.018999066138836916,
        0.01815557957448486,
        0.017407371275958608,
        0.016576253214268446,
        0.01569056774599763,
        0.014957105158305221,
        0.0
      ],
      "time": 8.866364002227783
    },
    {
      "model": "DenseNet121",
      "clean_acc": 9.5,
      "fgsm_acc": 0.5,
      "pgd_acc": 0.0,
      "pri": 0.9330005688781204,
      "vci": 0.08004503709633926,
      "pgs": 0.30858840897280304,
      "s_model_pdf": [
        0.33678707480430603,
        0.08948726207017899,
        0.05220889672636986,
        0.04104373976588249,
        0.035268690437078476,
        0.031282417476177216,
        0.028312304988503456,
        0.025102559477090836,
        0.022892989218235016,
        0.021342752501368523,
        0.020813466981053352,
        0.01935817115008831,
        0.018365934491157532,
        0.017455069348216057,
        0.016784679144620895,
        0.016159918159246445,
        0.0154879717156291,
        0.01486807782202959,
        0.014372395351529121,
        0.013972379267215729,
        0.013603807426989079,
        0.013331353664398193,
        0.012884664349257946,
        0.012565561570227146,
        0.012268813326954842,
        0.011950154788792133,
        0.011728537268936634,
        0.011345000006258488,
        0.011043603532016277,
        0.010732753202319145,
        0.010648342780768871,
        0.016530681401491165
      ],