{
  "config": {
    "n_images": 200,
    "n_bins": 32,
    "fgsm_eps": 0.01568627450980392,
    "pgd_steps": 10
  },
  "results": [
    {
      "model": "VGG16",
      "clean_acc": 81.5,
      "fgsm_acc": 1.0,
      "pgd_acc": 0.0,
      "gse": 0.8284172058105469,
      "sli": 1.795484371063534,
      "mean_lip": 0.31223954155575,
      "max_band": 6,
      "band_lipschitz": [
        0.3002770617604209,
        0.4652152284979748,
        0.5293828696012415,
        0.5300328731536783,
        0.4973727464675826,
        0.5540524125099096,
        0.5606212168931874,
        0.49772702902554694,
        0.495661333203308,
        0.43764097243546757,
        0.43765531480311665,
        0.38925314694642416,
        0.39647293090819696,
        0.3758658096194209,
        0.3567070290446226,
        0.3333963900804468,
        0.3345435634255357,
        0.3258789777755687,
        0.31562051177024353,
        0.29237654805182955,
        0.26944737136363567,
        0.24992895871400445,
        0.21847106143831868,
        0.18804956227540678,
        0.15477830730378386,
        0.11729774251580057,
        0.09530808776616902,
        0.07509976625442388,
        0.05814834032207637,
        0.050004381686448274,
        0.04372437018901042,
        0.04565341398119856
      ],
      "spectral_pdf": [
        0.31734275817871094,
        0.08637303858995438,
        0.05255149304866791,
        0.03944234177470207,
        0.032611165195703506,
        0.028113223612308502,
        0.025273889303207397,
        0.022792579606175423,
        0.021108679473400116,
        0.02005070447921753,
        0.019175877794623375,
        0.01846197620034218,
        0.017931358888745308,
        0.017424222081899643,
        0.01709439791738987,
        0.016744105145335197,
        0.016433849930763245,
        0.016148801892995834,
        0.01599445939064026,
        0.015856510028243065,
        0.015764078125357628,
        0.015721550211310387,
        0.015292097814381123,
        0.015115107409656048,
        0.015079417265951633,
        0.01508964691311121,
        0.015039696358144283,
        0.015057044103741646,
        0.015043821185827255,
        0.015019886195659637,
        0.01534853782504797,
        0.015503729693591595
      ],
      "time": 51.5567843914032
    },
    {
      "model": "ResNet18",
      "clean_acc": 77.0,
      "fgsm_acc": 1.0,
      "pgd_acc": 0.0,
      "gse": 0.8450973510742188,
      "sli": 2.118959211478431,
      "mean_lip": 0.3553469409525805,
      "max_band": 2,
      "band_lipschitz": [
        0.49687588959931556,
        0.7186087965965159,
        0.7529656738042715,
        0.6684244573116198,
        0.5395724326372062,
        0.48819272220133975,
        0.5008675679564398,
        0.55426160991191,
        0.5327537357807076,
        0.5388199836015618,
        0.5091494396328847,
        0.4962179586291236,
        0.461190417408936,
        0.4468096941709449,
        0.423475451767438,
        0.40737804025410973,
        0.3833065479993761,
        0.3626326993107739,
        0.32874587923287835,
        0.2914336025714829,
        0.2634412944316823,
        0.23062586411833405,
        0.23367990925907725,
        0.19144228100776375,
        0.14496617391705288,
        0.10351453721523124,
        0.07158747874200233,
        0.044785274192690155,
        0.03696231078356447,
        0.04231679905205899,
        0.049649206921457474,
        0.056448380462824424
      ],
      "spectral_pdf": [
        0.29563745856285095,
        0.07548616826534271,
        0.04766462370753288,
        0.039162810891866684,
        0.03439299762248993,
        0.030037060379981995,
        0.027222881093621254,
        0.023648910224437714,
        0.021084802225232124,
        0.0195505041629076,
        0.018947726115584373,
        0.01763775199651718,
        0.01681496575474739,
        0.016379963606595993,
        0.01609840616583824,
        0.015941526740789413,
        0.01574537344276905,
        0.01565101556479931,
        0.015608739107847214,
        0.015585551038384438,
        0.015569972805678844,
        0.015593132004141808,
        0.015336121432483196,
        0.015348628163337708,
        0.015500245615839958,
        0.01558771077543497,
        0.015593374148011208,
        0.015401742421090603,
        0.01507315132766962,
        0.014668949879705906,
        0.01501671876758337,
        0.0530109666287899
      ],
      "time": 12.196861743927002
    },
    {
      "model": "ResNet50",
      "clean_acc": 86.0,
      "fgsm_acc": 46.0,
      "pgd_acc": 2.5,
      "gse": 0.8182329177856446,
      "sli": 1.6044131271777442,
      "mean_lip": 0.15608600644190787,
      "max_band": 3,
      "band_lipschitz": [
        0.15544360876083133,
        0.21314040943979887,
        0.24190976470708472,
        0.25042643770575135,
        0.23282165080308553,
        0.19640775024890594,
        0.20622029155492463,
        0.2034150362014739,
        0.217015407979485,
        0.20795413106679594,
        0.20785654708742773,
        0.21399771422147418,
        0.20842703431844387,
        0.2063571251928774,
        0.19720389693975143,
        0.1989196464419334,
        0.18629078567027757,
        0.1700194254517529,
        0.16824064776301123,
        0.1407801304012515,
        0.13400471955537588,
        0.11685669235884961,
        0.11753411218523796,
        0.1135620437562448,
        0.10386713594198066,
        0.1015034355223163,
        0.09427504613995405,
        0.07088069990277181,
        0.05074498150497596,
        0.033603410236536936,
        0.018468840746208737,
        0.016603646334260445
      ],
      "spectral_pdf": [
        0.3276834189891815,
        0.08615661412477493,
        0.04927331209182739,
        0.03782385587692261,
        0.032317668199539185,
        0.028367014601826668,
        0.026626821607351303,
        0.022840462625026703,
        0.020156072452664375,
        0.018927764147520065,
        0.018708504736423492,
        0.017037494108080864,
        0.016053391620516777,
        0.015636708587408066,
        0.015235727652907372,
        0.014950526878237724,
        0.014802569523453712,
        0.01464350800961256,
        0.014536253176629543,
        0.014536679722368717,
        0.014475607313215733,
        0.014503072015941143,
        0.014395739883184433,
        0.014462633989751339,
        0.014511424116790295,
        0.014538818970322609,
        0.014481022953987122,
        0.014300253242254257,
        0.014181745238602161,
        0.014103484340012074,
        0.013864333741366863,
        0.035867564380168915
      ],
      "time": 31.50725221633911
    },
    {
      "model": "DenseNet121",
      "clean_acc": 78.5,
      "fgsm_acc": 5.0,
      "pgd_acc": 0.0,
      "gse": 0.8055072784423828,
      "sli": 2.1384769402544057,
      "mean_lip": 0.4226611285557672,
      "max_band": 3,
      "band_lipschitz": [
        0.6677609682083027,
        0.7743367850780367,
        0.8393131643533576,
        0.9038510769605496,
        0.8798506259918076,
        0.8367356508970131,
        0.7434326261281852,
        0.758819714188564,
        0.7314677685499078,
        0.6661830693483249,
        0.611910611391058,
        0.5541577488183889,
        0.4916764944791717,
        0.4462593942880561,
        0.41747578233479804,
        0.39254435151814804,
        0.3425968363881058,
        0.3194177597761105,
        0.2719704955816227,
        0.24537325650453187,
        0.2183467522263493,
        0.19876858592033078,
        0.18625010550021837,
        0.17472334206104007,
        0.17069005966186257,
        0.17025445029139255,
        0.15427179634570837,
        0.12558148056268498,
        0.09655350260436385,
        0.06458052527159353,
        0.04296703357249432,
        0.027034298982470808
      ],