{
  "name": "CAAT-Inner",
  "checkpoint": "checkpoints/resnet18_cifar10_caat_inner.pth",
  "clean_acc": 82.93,
  "fgsm_acc": 2.26,
  "pgd_acc": 0.02,
  "pri": 0.8057726945709547,
  "vci": 0.19336454694402982,
  "pgs": 0.5389222959212246,
  "s_model_pdf": [
    0.508792519569397,
    0.13764171302318573,
    0.07000027596950531,
    0.0642634704709053,
    0.058668073266744614,
    0.053331006318330765,
    0.031126897782087326,
    0.023605188354849815,
    0.012247887440025806,
    0.008823186159133911,
    0.008162868209183216,
    0.007169616874307394,
    0.005449529271572828,
    0.004950672388076782,
    0.005767084192484617,
    0.0
  ],
  "csf_pdf": [
    0.013085804597021264,
    0.020634508492951568,
    0.027979156465361598,
    0.03511630828193583,
    0.04204450709023796,
    0.04876363676237675,
    0.05527448950300209,
    0.061578505279137954,
    0.06767760433671208,
    0.07357407290509042,
    0.07927048138315351,
    0.08476962352393397,
    0.09007446984537958,
    0.09518813105864726,
    0.10011382878124059,
    0.10485487169363265
  ],
  "gap": [
    0.0,
    0.0,
    0.0,
    0.0,
    0.0,
    0.0,
    0.02414759172091476,
    0.03797331692428814,
    0.05542971689668627,
    0.06475088674595651,
    0.0711076131739703,
    0.07760000664962657,
    0.08462494057380675,
    0.09023745867057048,
    0.09434674458875597,
    0.10485487169363265
  ],
  "gap_distribution": [
    0.0,
    0.0,
    0.0,
    0.0,
    0.0,
    0.0,
    0.03424834969501814,
    0.05385727289634265,
    0.07861555511265918,
    0.09183570096629189,
    0.100851398769134,
    0.11005951213637075,
    0.120022923659986,
    0.12798311632305379,
    0.1338112859703373,
    0.14871488446938805
  ]
}