{
  "name": "LAT",
  "checkpoint": "checkpoints/resnet18_cifar10_lat.pth",
  "clean_acc": 77.19,
  "fgsm_acc": 52.06,
  "pgd_acc": 47.81,
  "pgd_steps": 20,
  "epsilon": 0.03137254901960784,
  "gse": 0.8016740679740906,
  "mean_lip": 0.032027028006268166,
  "max_band": 0,
  "band_lipschitz": [
    0.0614446504041543,
    0.05047488026320856,
    0.04604488424956727,
    0.04186261165887052,
    0.03843523096293151,
    0.03416705504059738,
    0.03311160625889846,
    0.030461692716925864,
    0.027602163143455552,
    0.02777502452954607,
    0.026244028937071152,
    0.02280021598562563,
    0.0246844249777492,
    0.02399959415197335,
    0.023324384819715854,
    0.0
  ],
  "spectral_pdf": [
    0.3734860420227051,
    0.11758595705032349,
    0.07998085021972656,
    0.06347125768661499,
    0.05422452092170715,
    0.046722035855054855,
    0.041963666677474976,
    0.03736643120646477,
    0.034244295209646225,
    0.03251302242279053,
    0.029709728434681892,
    0.024939848110079765,
    0.022222014144062996,
    0.02120162732899189,
    0.02036868967115879,
    0.0
  ],
  "grade": "B (MODERATE) \u2014 Model has reasonable spectral spread. Consider adversarial training for critical applications."
}