{
  "name": "PGD-AT",
  "checkpoint": "checkpoints/resnet18_cifar10_pgd_at.pth",
  "clean_acc": 77.97,
  "fgsm_acc": 52.45,
  "pgd_acc": 48.25,
  "pgd_steps": 20,
  "epsilon": 0.03137254901960784,
  "gse": 0.7985565662384033,
  "mean_lip": 0.03645658135064821,
  "max_band": 0,
  "band_lipschitz": [
    0.07487068511545542,
    0.05817787442356258,
    0.05433677695691501,
    0.048103311099111284,
    0.04253719840198689,
    0.03793581109493912,
    0.034847476985305006,
    0.031272524967789164,
    0.031135703437029833,
    0.030647416133433105,
    0.029352760873734493,
    0.029369971714913387,
    0.026448764838277884,
    0.0268498877994712,
    0.027419137768446972,
    0.0
  ],
  "spectral_pdf": [
    0.37865936756134033,
    0.11556161195039749,
    0.07906708121299744,
    0.06356870383024216,
    0.053770922124385834,
    0.04628012701869011,
    0.041591208428144455,
    0.03707953169941902,
    0.0342363566160202,
    0.031923968344926834,
    0.02913546748459339,
    0.024570070207118988,
    0.022394690662622452,
    0.021442433819174767,
    0.020718418061733246,
    0.0
  ],
  "grade": "B (MODERATE) \u2014 Model has reasonable spectral spread. Consider adversarial training for critical applications."
}