{
  "name": "CAAT-Full",
  "checkpoint": "checkpoints/resnet18_cifar10_caat_full.pth",
  "clean_acc": 81.6,
  "fgsm_acc": 16.86,
  "pgd_acc": 0.16,
  "pri": 0.8006749000576331,
  "vci": 0.1688799910036768,
  "pgs": 0.567151503787152,
  "s_model_pdf": [
    0.5488815903663635,
    0.14281731843948364,
    0.08213683217763901,
    0.06825392693281174,
    0.057025838643312454,
    0.03811438009142876,
    0.019658898934721947,
    0.010462740436196327,
    0.007472306489944458,
    0.006012557540088892,
    0.005074975546449423,
    0.004130146000534296,
    0.003593748202547431,
    0.0033133819233626127,
    0.00305143091827631,
    0.0
  ],
  "csf_pdf": [
    0.013085804597021264,
    0.020634508492951568,
    0.027979156465361598,
    0.03511630828193583,
    0.04204450709023796,
    0.04876363676237675,
    0.05527448950300209,
    0.061578505279137954,
    0.06767760433671208,
    0.07357407290509042,
    0.07927048138315351,
    0.08476962352393397,
    0.09007446984537958,
    0.09518813105864726,
    0.10011382878124059,
    0.10485487169363265
  ],
  "gap": [
    0.0,
    0.0,
    0.0,
    0.0,
    0.0,
    0.010649256670947994,
    0.03561559056828014,
    0.05111576484294163,
    0.06020529784676762,
    0.06756151536500153,
    0.07419550583670409,
    0.08063947752339967,
    0.08648072164283215,
    0.09187474913528465,
    0.09706239786296428,
    0.10485487169363265
  ],
  "gap_distribution": [
    0.0,
    0.0,
    0.0,
    0.0,
    0.0,
    0.014007477206960006,
    0.04684689162001325,
    0.06723501302275345,
    0.07919091100766595,
    0.0888668961397746,
    0.0975929014559082,
    0.10606896596564347,
    0.1137522340463588,
    0.12084725668398277,
    0.12767081945047384,
    0.1379206333991504
  ]
}